l_shoulder_z,elbow_z,l_shoulder_y,r_shoulder_y,elbow_real_z,hip_real_z,label
-0.6601823568344116,-0.17302276194095612,0.2548229694366455,0.27386361360549927,-0.047470927238464355,0.008004188537597656,4
-0.6712239384651184,-0.3830377757549286,0.2567014992237091,0.2803505063056946,-0.06604007631540298,0.007667307276278734,4
-0.7843876481056213,-0.632720410823822,0.2600577771663666,0.28176581859588623,-0.09366920590400696,-0.0013423148775473237,4
-0.8479329347610474,-0.6610690355300903,0.26153191924095154,0.28463807702064514,-0.10010243952274323,-0.008888505399227142,4
-0.8554188013076782,-0.7535266876220703,0.26374343037605286,0.2873811721801758,-0.10663322359323502,-0.016653496772050858,4
-0.8382019996643066,-0.8567954897880554,0.26476141810417175,0.2908092439174652,-0.11809811741113663,-0.018029503524303436,4
-0.842717707157135,-0.8462182879447937,0.2655279040336609,0.29571738839149475,-0.11943653970956802,-0.019837893545627594,4
-0.8374583721160889,-0.8094017505645752,0.26997411251068115,0.2988731563091278,-0.12347837537527084,-0.019469039514660835,4
-0.8377493619918823,-0.7834305167198181,0.2793745994567871,0.3027225732803345,-0.12566910684108734,-0.018716424703598022,4
-0.6763314604759216,-0.5499264597892761,0.2912853956222534,0.3082635700702667,-0.12142264097929001,-0.014805452898144722,4
-0.6284148097038269,-0.5237448215484619,0.29005157947540283,0.31351083517074585,-0.1197550892829895,-0.013863718137145042,4
-0.6522334814071655,-0.5363224148750305,0.29467499256134033,0.32111766934394836,-0.12145710736513138,-0.013459590263664722,4
-0.5973984599113464,-0.5026516318321228,0.30954602360725403,0.32987838983535767,-0.12061110883951187,-0.012787173502147198,4
-0.5085427761077881,-0.44350171089172363,0.3142664134502411,0.3343829810619354,-0.12018787860870361,-0.011659380979835987,4
-0.3952943980693817,-0.3123062551021576,0.3232594132423401,0.34167349338531494,-0.11404820531606674,-0.01146628987044096,4
-0.3869299292564392,-0.3128613233566284,0.33046579360961914,0.35607844591140747,-0.10365226119756699,-0.011251161806285381,1
-0.3147689402103424,-0.2743130028247833,0.335528701543808,0.35879430174827576,-0.08923482894897461,-0.007098203990608454,1
-0.3760373592376709,-0.3092391788959503,0.3397502303123474,0.36119985580444336,-0.08503026515245438,-0.004096221178770065,1
-0.3286636769771576,-0.28469473123550415,0.34639912843704224,0.3650602698326111,-0.07216601073741913,-0.002904570195823908,1
-0.36626267433166504,-0.2987012267112732,0.34948012232780457,0.3659823536872864,-0.07352571189403534,-0.0019130901200696826,1
-0.3707190155982971,-0.23839913308620453,0.3518825173377991,0.36671164631843567,-0.06615772843360901,-0.0002473763597663492,0
-0.3879058063030243,-0.2718100845813751,0.35231560468673706,0.3698936402797699,-0.06708784401416779,0.0005777060287073255,1
-0.5875579714775085,-0.47331658005714417,0.35394051671028137,0.37296631932258606,-0.08889402449131012,0.0007435248699039221,1
-0.5787478089332581,-0.43848535418510437,0.3555021286010742,0.37638333439826965,-0.0892624706029892,0.0026728054508566856,1
-0.6751183867454529,-0.5326699614524841,0.35805028676986694,0.3837280571460724,-0.11012057960033417,0.002643042244017124,1
-0.44800862669944763,-0.3244573771953583,0.3618869185447693,0.38690730929374695,-0.10614574700593948,0.0037944132927805185,1
-0.4056659936904907,-0.29418084025382996,0.3639029562473297,0.39013054966926575,-0.10049640387296677,0.004365799482911825,1
-0.505594789981842,-0.439109206199646,0.36334237456321716,0.3922538459300995,-0.11344871670007706,0.0010627784067764878,1
-0.5589237213134766,-0.4503631591796875,0.36418768763542175,0.39472630620002747,-0.1229151040315628,0.0010349467629566789,1
-0.5852431058883667,-0.5141831636428833,0.3645913004875183,0.39859524369239807,-0.14027108252048492,0.0006261395174078643,1
-0.5979010462760925,-0.5185622572898865,0.364123672246933,0.39966854453086853,-0.14530956745147705,0.0005861423560418189,4
-0.7421556711196899,-0.6205797791481018,0.364773154258728,0.4020160436630249,-0.1623799353837967,0.0006717372452840209,4
-0.7514507174491882,-0.6446304321289062,0.364608496427536,0.4062691926956177,-0.16959546506404877,-0.0016360386507585645,4
-0.731236457824707,-0.6402634382247925,0.3645344376564026,0.40989255905151367,-0.1690622717142105,-0.007559530902653933,4
-0.9190115332603455,-0.8780283331871033,0.36494767665863037,0.41208213567733765,-0.20752473175525665,-0.014011706225574017,4
-0.8801706433296204,-0.8635746240615845,0.36679476499557495,0.4131437838077545,-0.20376378297805786,-0.026891402900218964,4
-0.9077393412590027,-0.9114871621131897,0.36942243576049805,0.4145839512348175,-0.21599598228931427,-0.0431082583963871,4
-0.6688898205757141,-0.7411684989929199,0.37186482548713684,0.41407856345176697,-0.20863813161849976,-0.04696104675531387,4
-0.5447469353675842,-0.6121541857719421,0.3737843632698059,0.41374775767326355,-0.19544009864330292,-0.043060120195150375,1
-0.48331722617149353,-0.5548967719078064,0.37471020221710205,0.4133595824241638,-0.17545047402381897,-0.040751636028289795,1
-0.46611830592155457,-0.45440804958343506,0.3775731921195984,0.4147021174430847,-0.14752864837646484,-0.03489106148481369,1
-0.5232219099998474,-0.5073614120483398,0.3809965252876282,0.4159013330936432,-0.14252588152885437,-0.03197064623236656,1
-0.43733128905296326,-0.4693596065044403,0.38316887617111206,0.4156428873538971,-0.13905256986618042,-0.03148622438311577,1
-0.4784250259399414,-0.4959324598312378,0.38421452045440674,0.4172798693180084,-0.1391199678182602,-0.03122151829302311,1
-0.4973262548446655,-0.5136982798576355,0.38410037755966187,0.41708555817604065,-0.14056439697742462,-0.03163764253258705,1
-0.5094801783561707,-0.5465325713157654,0.3840875029563904,0.41677647829055786,-0.14136973023414612,-0.03146419674158096,1
-0.4118034541606903,-0.46371984481811523,0.38537728786468506,0.41672930121421814,-0.13969290256500244,-0.0319148413836956,1
-0.4132888913154602,-0.45524007081985474,0.3869406282901764,0.41658303141593933,-0.1386004388332367,-0.03550885245203972,1
-0.3887399733066559,-0.45300915837287903,0.3876875042915344,0.41643816232681274,-0.13951578736305237,-0.03604796901345253,1
-0.4124204218387604,-0.4655749797821045,0.3883950412273407,0.4163258969783783,-0.14358915388584137,-0.03623535856604576,1
-0.4038267135620117,-0.4695252776145935,0.3887483775615692,0.4164409935474396,-0.14486560225486755,-0.03629086911678314,1
-0.4058976471424103,-0.472102552652359,0.3886431157588959,0.41639095544815063,-0.15460678935050964,-0.037106189876794815,1
-0.42153120040893555,-0.47340723872184753,0.38865190744400024,0.41893669962882996,-0.15467403829097748,-0.03769684210419655,1
-0.42834731936454773,-0.4761553704738617,0.38861268758773804,0.4222794473171234,-0.15605755150318146,-0.03764776140451431,4
-0.4107959568500519,-0.4629859924316406,0.3885388970375061,0.42518478631973267,-0.15413498878479004,-0.03762947767972946,4
-0.39175450801849365,-0.4480865001678467,0.38815638422966003,0.43032386898994446,-0.1538272649049759,-0.03740212321281433,4
-0.39746448397636414,-0.46414968371391296,0.3861340582370758,0.43498116731643677,-0.15953297913074493,-0.038318485021591187,4
-0.3981837034225464,-0.4653874933719635,0.3840736746788025,0.4381873309612274,-0.1651262640953064,-0.03771354630589485,4
-0.35099583864212036,-0.39855149388313293,0.38260218501091003,0.4409782588481903,-0.16465498507022858,-0.037360526621341705,4
-0.3548571467399597,-0.3529127240180969,0.3803863823413849,0.441398948431015,-0.14960381388664246,-0.03890121355652809,4
-0.3579227030277252,-0.37124311923980713,0.3801010847091675,0.4440206289291382,-0.14592647552490234,-0.03931935131549835,4
-0.4177308976650238,-0.3764139413833618,0.3801175057888031,0.4491386115550995,-0.15080201625823975,-0.04092762991786003,4
-0.41806578636169434,-0.37861278653144836,0.37911686301231384,0.450527548789978,-0.15091389417648315,-0.0418921634554863,4
-0.47922149300575256,-0.4406309723854065,0.3773042857646942,0.44985494017601013,-0.16133633255958557,-0.04396527260541916,4
-0.5632554292678833,-0.5149256587028503,0.37553104758262634,0.4490029215812683,-0.17810630798339844,-0.047523919492959976,4
-0.6467713117599487,-0.5827008485794067,0.37565094232559204,0.44850829243659973,-0.1924702525138855,-0.04958717152476311,4
-0.5730458498001099,-0.4608009159564972,0.37604644894599915,0.44903722405433655,-0.16065403819084167,-0.049464091658592224,4
-0.592360258102417,-0.5125677585601807,0.37638136744499207,0.4519972801208496,-0.16293834149837494,-0.04879557713866234,4
-0.5930047631263733,-0.5460826754570007,0.37669405341148376,0.45315322279930115,-0.163152813911438,-0.046879738569259644,4
-0.6335448622703552,-0.6066111922264099,0.3790002167224884,0.4540059268474579,-0.16905027627944946,-0.046333491802215576,4
-0.6266717910766602,-0.6293620467185974,0.38025781512260437,0.4573706090450287,-0.17057833075523376,-0.04579433053731918,4
-0.6174659132957458,-0.5976844429969788,0.3814924955368042,0.46071723103523254,-0.16860035061836243,-0.04418066143989563,4
-0.5008857250213623,-0.5357388257980347,0.38148221373558044,0.4618058502674103,-0.16299238801002502,-0.040598414838314056,4
-0.49956953525543213,-0.535358190536499,0.38134923577308655,0.46387967467308044,-0.15984465181827545,-0.03807598724961281,4
-0.6173373460769653,-0.6168795824050903,0.38063541054725647,0.4632021188735962,-0.16655854880809784,-0.03799191489815712,4
-0.6580004692077637,-0.6469407677650452,0.38021624088287354,0.46274468302726746,-0.1810242086648941,-0.036294762045145035,4
-0.6296653747558594,-0.6295587420463562,0.3801662027835846,0.46228188276290894,-0.1898086816072464,-0.035398852080106735,4
-0.6599148511886597,-0.6348264217376709,0.38031795620918274,0.46199119091033936,-0.19889631867408752,-0.036463744938373566,4
-0.6459516882896423,-0.6271880269050598,0.38078245520591736,0.4617827534675598,-0.20872372388839722,-0.04460914060473442,4
-0.7275556921958923,-0.7075507044792175,0.38089972734451294,0.4614078104496002,-0.22626082599163055,-0.04652106389403343,4
-0.7275087237358093,-0.7216466069221497,0.3810620605945587,0.4604254961013794,-0.23336052894592285,-0.048287879675626755,4
-0.8176883459091187,-0.8495991230010986,0.3827153146266937,0.4572380781173706,-0.25419488549232483,-0.04959731176495552,4
-0.8533281683921814,-0.8711144924163818,0.38610556721687317,0.4547452926635742,-0.26942765712738037,-0.05246833339333534,4
-0.7940449118614197,-0.7976378798484802,0.3885798156261444,0.45547211170196533,-0.2570165693759918,-0.05219842493534088,4
-0.8170864582061768,-0.8246071338653564,0.3911907374858856,0.45606729388237,-0.2641076445579529,-0.05333544313907623,4
-0.794026792049408,-0.8290454745292664,0.3933066427707672,0.45746728777885437,-0.2661496102809906,-0.0572076290845871,4
-0.7339186072349548,-0.7824631929397583,0.394998699426651,0.4600103497505188,-0.2637157440185547,-0.05778297781944275,4
-0.6633292436599731,-0.7341017723083496,0.3951711058616638,0.46018779277801514,-0.2610708773136139,-0.05758826434612274,4
-0.5241922736167908,-0.6284658908843994,0.39492377638816833,0.4597473442554474,-0.22528783977031708,-0.05683663859963417,4
-0.5731297731399536,-0.6523556113243103,0.3954419791698456,0.45418035984039307,-0.22349140048027039,-0.05667497217655182,4
-0.5664483904838562,-0.6238929629325867,0.3953688442707062,0.4474426507949829,-0.21068063378334045,-0.056531306356191635,4
-0.5452187657356262,-0.5708973407745361,0.3945213556289673,0.44556933641433716,-0.1910126954317093,-0.053008586168289185,4
-0.5675792098045349,-0.5741965770721436,0.39404869079589844,0.44390931725502014,-0.18514062464237213,-0.04921603575348854,4
-0.5390449166297913,-0.5363535284996033,0.3934888243675232,0.4413566291332245,-0.17481629550457,-0.043713852763175964,4
-0.48241129517555237,-0.458173930644989,0.3939652442932129,0.43914344906806946,-0.16099752485752106,-0.03699897974729538,4
-0.4439193606376648,-0.42835602164268494,0.3947523832321167,0.43731263279914856,-0.1565549671649933,-0.028482558205723763,4
-0.3457088768482208,-0.3581165075302124,0.3957105576992035,0.43527087569236755,-0.15097995102405548,-0.024637356400489807,4
-0.339962363243103,-0.32973453402519226,0.3964557945728302,0.43474462628364563,-0.13021652400493622,-0.02224499173462391,4
-0.3825267553329468,-0.35043254494667053,0.3985729515552521,0.434121698141098,-0.11778225004673004,-0.012859141454100609,4
-0.28414610028266907,-0.16363728046417236,0.3996122181415558,0.4337384104728699,-0.08711601793766022,0.0004323527100495994,1
-0.2847456932067871,-0.17982187867164612,0.40032145380973816,0.43318697810173035,-0.07943396270275116,0.0014877179637551308,1
-0.231430783867836,-0.12334798276424408,0.40214449167251587,0.43089964985847473,-0.0877537801861763,0.0047798980958759785,1
-0.2603708505630493,-0.11862175911664963,0.40466269850730896,0.4287819266319275,-0.09609661251306534,0.008614600636065006,1
-0.39469531178474426,-0.16193200647830963,0.407146155834198,0.4259875416755676,-0.09867782145738602,0.006439225282520056,1
-0.4474112391471863,-0.2164965122938156,0.4097811281681061,0.42295312881469727,-0.10273725539445877,0.006866653449833393,0
-0.5346894860267639,-0.2812618315219879,0.4119364023208618,0.42025595903396606,-0.10553758591413498,0.007635196670889854,0
-0.638518214225769,-0.3647552728652954,0.4129475951194763,0.41764992475509644,-0.10781453549861908,0.007468247786164284,0
-0.6758326888084412,-0.4016128480434418,0.41443732380867004,0.4161755442619324,-0.11473700404167175,0.006783733144402504,0
-0.6026283502578735,-0.279195100069046,0.41550347208976746,0.41470491886138916,-0.1046764999628067,0.007154783234000206,0
-0.5652265548706055,-0.2815302908420563,0.41722729802131653,0.41322624683380127,-0.10571587830781937,0.007573551032692194,0
-0.3911544382572174,-0.14860227704048157,0.4190656840801239,0.41201335191726685,-0.09493386745452881,0.01362825371325016,0
-0.31722015142440796,-0.08103028684854507,0.41961801052093506,0.4109669327735901,-0.07861453294754028,0.018489385023713112,0
-0.3700571060180664,-0.14143821597099304,0.4205833971500397,0.4095836281776428,-0.08089373260736465,0.019022338092327118,0
-0.3573911786079407,-0.11000525206327438,0.421265184879303,0.4088614583015442,-0.07153628021478653,0.0201911311596632,0
-0.4046855866909027,-0.14140813052654266,0.42220479249954224,0.40826767683029175,-0.07421069592237473,0.01983431912958622,0
-0.31277409195899963,-0.06123477965593338,0.4219675660133362,0.40690478682518005,-0.056420326232910156,0.02027023956179619,2
-0.3021869659423828,-0.039227280765771866,0.4218674600124359,0.40637049078941345,-0.05000315234065056,0.021899394690990448,2
-0.3324653208255768,-0.07415685802698135,0.42230087518692017,0.4064582884311676,-0.05228086933493614,0.022771138697862625,2
-0.262949138879776,-0.01600656285881996,0.4223041534423828,0.4066411256790161,-0.0394117534160614,0.022740112617611885,2
-0.27104297280311584,-0.01749875769019127,0.4220133125782013,0.40639060735702515,-0.036998990923166275,0.023045893758535385,2
-0.2898087203502655,-0.03453649953007698,0.42135658860206604,0.40649569034576416,-0.038267526775598526,0.023609723895788193,0
-0.30619320273399353,-0.02672511152923107,0.42076459527015686,0.40632230043411255,-0.03965163230895996,0.024838479235768318,0
-0.2758067548274994,-0.005969242192804813,0.4201490581035614,0.40569552779197693,-0.04091941565275192,0.024760311469435692,0
-0.2614445984363556,0.014745376072824001,0.41994455456733704,0.4057483375072479,-0.03863883391022682,0.025157900527119637,0
-0.27715185284614563,-0.0017404428217560053,0.419291228055954,0.4057908356189728,-0.038604557514190674,0.024596761912107468,0
-0.4250146448612213,-0.11738620698451996,0.4191230833530426,0.40588662028312683,-0.05809169262647629,0.024716557934880257,0
-0.39506062865257263,-0.1052238717675209,0.4190400540828705,0.4063740372657776,-0.0577363446354866,0.024622531607747078,0
-0.432399719953537,-0.16554683446884155,0.4189566373825073,0.40692704916000366,-0.0740768313407898,0.024560511112213135,0
-0.5011827349662781,-0.22043870389461517,0.4185487926006317,0.4072794020175934,-0.08372244983911514,0.023940371349453926,0
-0.4882819950580597,-0.19813328981399536,0.41805341839790344,0.4083194434642792,-0.08315761387348175,0.02384001947939396,0
-0.4626653492450714,-0.16884277760982513,0.4175696074962616,0.4094603955745697,-0.07927628606557846,0.02388629876077175,0
-0.3579222857952118,-0.08910293132066727,0.4161278307437897,0.40999364852905273,-0.06457746028900146,0.024116182699799538,0
-0.35674095153808594,-0.09033990651369095,0.41556796431541443,0.41053491830825806,-0.06172362342476845,0.024106841534376144,0
-0.342650443315506,-0.0859319418668747,0.4152470529079437,0.41087764501571655,-0.06050490215420723,0.02434500679373741,0
-0.3701234459877014,-0.10539355874061584,0.4150864779949188,0.4109378457069397,-0.06272851675748825,0.02440013363957405,0
-0.4509190618991852,-0.18560589849948883,0.4149547517299652,0.4110516309738159,-0.06652024388313293,0.024416005238890648,0
-0.4684848487377167,-0.20140497386455536,0.4149044156074524,0.4113432466983795,-0.07054078578948975,0.02439196966588497,0
-0.48331204056739807,-0.21601974964141846,0.4148308038711548,0.4115610718727112,-0.07521682977676392,0.024392807856202126,0
-0.4815167486667633,-0.21284368634223938,0.4147140681743622,0.4120531380176544,-0.07600411772727966,0.02443877048790455,0
-0.48622792959213257,-0.21585862338542938,0.41457638144493103,0.41239264607429504,-0.07759125530719757,0.024492405354976654,0
-0.48993921279907227,-0.2145109474658966,0.4144037663936615,0.4128241539001465,-0.0777038037776947,0.024555450305342674,0
-0.48076578974723816,-0.2079905867576599,0.4141562283039093,0.4131064713001251,-0.0774868056178093,0.02463497780263424,0
-0.41285428404808044,-0.14752145111560822,0.41396576166152954,0.4132406413555145,-0.06620099395513535,0.025066424161195755,0
-0.4045485556125641,-0.1377478837966919,0.4137061536312103,0.41330912709236145,-0.05985628440976143,0.02511119283735752,0
-0.40805065631866455,-0.1278049200773239,0.4135058522224426,0.41331416368484497,-0.05790099874138832,0.025131037458777428,0
-0.4237150549888611,-0.13085924088954926,0.41331911087036133,0.4133182466030121,-0.059789273887872696,0.02477370761334896,0
-0.42414167523384094,-0.13571250438690186,0.4130641520023346,0.41333410143852234,-0.06013046205043793,0.024633707478642464,0
-0.43389689922332764,-0.14930294454097748,0.41284459829330444,0.4133950173854828,-0.06204375997185707,0.024322623386979103,0
-0.4525690972805023,-0.16387839615345,0.4128163456916809,0.4134937524795532,-0.06601464003324509,0.023862145841121674,0
-0.3981649875640869,-0.11709313839673996,0.4126704931259155,0.4136822819709778,-0.05552631989121437,0.023761315271258354,0
-0.3992401361465454,-0.13564573228359222,0.41247284412384033,0.41395363211631775,-0.057350531220436096,0.023602744564414024,0
-0.40033474564552307,-0.13508513569831848,0.4114859402179718,0.41418105363845825,-0.05754184350371361,0.02360851876437664,0
-0.42116108536720276,-0.16305787861347198,0.4096696078777313,0.41440874338150024,-0.06011669337749481,0.023501107469201088,0
-0.40938177704811096,-0.15695533156394958,0.40699708461761475,0.41441887617111206,-0.05863940343260765,0.023015135899186134,0
-0.46636152267456055,-0.21721284091472626,0.4039645791053772,0.4144854247570038,-0.06907238811254501,0.021281374618411064,0
-0.39779582619667053,-0.13156332075595856,0.40115126967430115,0.41463571786880493,-0.06299532204866409,0.02088477835059166,0
-0.4111776351928711,-0.13616076111793518,0.39871132373809814,0.41464927792549133,-0.06284072250127792,0.020878057926893234,1
-0.4510055482387543,-0.15532128512859344,0.3967343866825104,0.41463181376457214,-0.0650063082575798,0.020760532468557358,1
-0.47672295570373535,-0.17170266807079315,0.39549580216407776,0.41464024782180786,-0.06553184986114502,0.019700312986969948,1
-0.41834765672683716,-0.0988946184515953,0.3929573893547058,0.4145849347114563,-0.04917953908443451,0.019828520715236664,1
-0.2991017997264862,0.018394608050584793,0.3918532133102417,0.41450926661491394,-0.02583630196750164,0.019637830555438995,1
-0.3386378884315491,-0.03161785006523132,0.39072859287261963,0.41449376940727234,-0.027518298476934433,0.01842651516199112,1
-0.3899076581001282,-0.08352643996477127,0.3896810710430145,0.41449519991874695,-0.031688105314970016,0.017745820805430412,1
-0.36538395285606384,-0.05573825538158417,0.3888489007949829,0.4144965708255768,-0.030471427366137505,0.01774020865559578,1
-0.3312544524669647,-0.023771580308675766,0.38826826214790344,0.4145134687423706,-0.02576913684606552,0.01768864504992962,1
-0.30604803562164307,-0.0003428555792197585,0.3875006139278412,0.4144999384880066,-0.020842429250478745,0.01766214519739151,1
-0.31694892048835754,-0.02181866765022278,0.38677018880844116,0.4144534170627594,-0.02107188291847706,0.01757746748626232,4
-0.34055718779563904,-0.032161202281713486,0.3867139518260956,0.4144729673862457,-0.021054048091173172,0.01777699775993824,4
-0.3453158140182495,-0.02675364911556244,0.38633954524993896,0.4144655466079712,-0.01779778301715851,0.01783682592213154,4
-0.317810595035553,-0.00020871617016382515,0.3858785927295685,0.4144376218318939,-0.012953181751072407,0.01787422224879265,4
-0.3039187490940094,0.011286800727248192,0.38560304045677185,0.4144079089164734,-0.008263171650469303,0.017878945916891098,4
-0.3388187885284424,-0.006640532054007053,0.3851606249809265,0.4143967032432556,-0.00984911434352398,0.018109777942299843,4
-0.3792584538459778,-0.04927973821759224,0.38468122482299805,0.4143957197666168,-0.013199041597545147,0.01824193261563778,1
-0.4047945439815521,-0.0750047117471695,0.3841155171394348,0.41438570618629456,-0.01688191667199135,0.018559260293841362,4
-0.40299150347709656,-0.0732123926281929,0.383958637714386,0.4143919050693512,-0.01705145463347435,0.018749941140413284,4
-0.37179049849510193,-0.048646360635757446,0.38393402099609375,0.4143902063369751,-0.016403157263994217,0.018825143575668335,4
-0.33951255679130554,-0.021747848019003868,0.38395029306411743,0.41437891125679016,-0.014013784937560558,0.018848342821002007,4
-0.34065741300582886,-0.024854568764567375,0.38396579027175903,0.4142804443836212,-0.014330564066767693,0.01868763379752636,4
-0.33507058024406433,-0.025337768718600273,0.3839818835258484,0.4141784906387329,-0.012225542217493057,0.017881715670228004,4
-0.311119019985199,-0.00024523245519958436,0.38390371203422546,0.4141435921192169,-0.009358646348118782,0.017825135961174965,4
-0.2683297097682953,0.03303159773349762,0.3838939666748047,0.4141342341899872,-0.002769342390820384,0.017811190336942673,4
-0.28789186477661133,0.01891058310866356,0.38389864563941956,0.41412946581840515,-0.0035090798046439886,0.017782874405384064,4
-0.2894006371498108,0.009670276194810867,0.3839265704154968,0.4139837622642517,-0.004148836247622967,0.017649194225668907,4
-0.31323257088661194,-0.020169025287032127,0.38411179184913635,0.4139787554740906,-0.008022143505513668,0.017547819763422012,4
-0.3139302134513855,-0.017858657985925674,0.38437411189079285,0.413943350315094,-0.008659854531288147,0.01748315803706646,4
-0.24276064336299896,0.05258723348379135,0.3845330774784088,0.4138786494731903,-5.496194353327155e-05,0.017399342730641365,4
-0.2506873905658722,0.04749259352684021,0.3846128284931183,0.4137673079967499,0.0005800101207569242,0.017402930185198784,4
-0.2401459813117981,0.057521041482686996,0.384674072265625,0.4137125015258789,0.0026124853175133467,0.017421772703528404,4
-0.24999310076236725,0.047019459307193756,0.38466718792915344,0.41363242268562317,0.002043395536020398,0.01728731021285057,4
-0.2449389398097992,0.051898542791604996,0.3846675455570221,0.413414865732193,0.0027695493772625923,0.017275352030992508,4
-0.2510705590248108,0.045996345579624176,0.38500112295150757,0.41340377926826477,0.002620619721710682,0.01718258485198021,1
-0.23414529860019684,0.06372412294149399,0.3853769898414612,0.41339221596717834,0.002638129750266671,0.017331883311271667,1
-0.259757936000824,0.040315642952919006,0.38554373383522034,0.4133334159851074,-0.003875228576362133,0.01782960258424282,1
-0.2714173197746277,0.026623794808983803,0.38613781332969666,0.4132210612297058,-0.007875318638980389,0.01811911351978779,1
-0.2853866517543793,0.009632019326090813,0.3868604600429535,0.4131566286087036,-0.010974074713885784,0.01819010078907013,1
-0.2935037314891815,-0.002698806580156088,0.3891545534133911,0.4131709337234497,-0.016321435570716858,0.01849043183028698,1
-0.33631524443626404,-0.053242649883031845,0.3916867971420288,0.41341134905815125,-0.027565712109208107,0.018932145088911057,1
-0.3978891372680664,-0.12169834971427917,0.39482438564300537,0.4135569930076599,-0.04561430215835571,0.019170472398400307,1
-0.36888378858566284,-0.08652187138795853,0.3993377983570099,0.41373008489608765,-0.04268776997923851,0.02115965634584427,0
-0.40160834789276123,-0.10175120830535889,0.4039672613143921,0.4140944182872772,-0.047285959124565125,0.02223321795463562,0
-0.38097110390663147,-0.08383405208587646,0.4073125720024109,0.414763867855072,-0.045014236122369766,0.0225296001881361,0
-0.3704281151294708,-0.07898636907339096,0.41004127264022827,0.4155687987804413,-0.047019317746162415,0.023168155923485756,0
-0.3768683075904846,-0.08185520768165588,0.412740021944046,0.4162788689136505,-0.04944439232349396,0.02352660894393921,0
-0.44465184211730957,-0.1478428840637207,0.4153355658054352,0.4166939854621887,-0.0665026381611824,0.02382715977728367,0
-0.4324283003807068,-0.14291104674339294,0.41631487011909485,0.41707366704940796,-0.06770449131727219,0.024943882599473,0
-0.49258947372436523,-0.19663390517234802,0.4166540205478668,0.41706833243370056,-0.07976026087999344,0.025082409381866455,0
-0.45695632696151733,-0.1634829342365265,0.41662701964378357,0.4170427620410919,-0.0760846883058548,0.025196798145771027,0
-0.44945576786994934,-0.1576092541217804,0.4169471859931946,0.41698727011680603,-0.07423380017280579,0.02532595582306385,0
-0.45818406343460083,-0.16260738670825958,0.4172334671020508,0.41672903299331665,-0.07509280741214752,0.025518909096717834,0
-0.44974005222320557,-0.1547524482011795,0.41728124022483826,0.41653749346733093,-0.07381310313940048,0.025527818128466606,0
-0.44495606422424316,-0.15032196044921875,0.4172864556312561,0.41648703813552856,-0.07290498167276382,0.025620218366384506,0
-0.45660126209259033,-0.16632620990276337,0.4174686074256897,0.4164324998855591,-0.07642806321382523,0.025658713653683662,0
-0.4465791881084442,-0.16294753551483154,0.4176746606826782,0.41635605692863464,-0.0756758451461792,0.025732576847076416,0
-0.43207046389579773,-0.15413787961006165,0.41765710711479187,0.4162676930427551,-0.07544292509555817,0.02592415362596512,0
-0.38396430015563965,-0.1178269237279892,0.4176081120967865,0.4162028133869171,-0.06974995136260986,0.026265598833560944,0
-0.3830917477607727,-0.11720216274261475,0.41757699847221375,0.4161779582500458,-0.06877380609512329,0.0263383649289608,0
-0.38560405373573303,-0.12467994540929794,0.4175483286380768,0.4161665737628937,-0.06887562572956085,0.02637001872062683,0
-0.36174991726875305,-0.09976543486118317,0.41751185059547424,0.4161461889743805,-0.06405344605445862,0.026415539905428886,0
-0.3468530774116516,-0.08525583148002625,0.417487233877182,0.41613882780075073,-0.057663194835186005,0.02643369697034359,0
-0.3512956500053406,-0.0894433781504631,0.4174627363681793,0.41612154245376587,-0.05683141574263573,0.026452478021383286,0
-0.35172057151794434,-0.09133945405483246,0.41734784841537476,0.41610825061798096,-0.056035544723272324,0.026377063244581223,0
-0.38255828619003296,-0.113590307533741,0.4173327088356018,0.4160909056663513,-0.059038951992988586,0.026186825707554817,0
-0.4156901240348816,-0.14034795761108398,0.41721922159194946,0.41609716415405273,-0.06153513863682747,0.025545474141836166,0
-0.4333224892616272,-0.15575960278511047,0.4172080159187317,0.4160894751548767,-0.06644714623689651,0.02533554658293724,0
-0.4267107844352722,-0.151601642370224,0.4167284667491913,0.41620737314224243,-0.06795261800289154,0.025332452729344368,0
-0.4033730924129486,-0.13357514142990112,0.4133859872817993,0.4162825047969818,-0.06567035615444183,0.02548978477716446,0
-0.3062288165092468,-0.06401778757572174,0.40953150391578674,0.41606777906417847,-0.043540071696043015,0.02503400854766369,0
-0.3209778368473053,-0.05044236779212952,0.40385377407073975,0.4158230423927307,-0.03374775871634483,0.0245747659355402,0
-0.3296659588813782,-0.0650114044547081,0.39789441227912903,0.41503435373306274,-0.03510778769850731,0.024621395394206047,1
-0.3226342499256134,-0.06439176946878433,0.39365771412849426,0.4138585031032562,-0.03382347896695137,0.0243934728205204,1
-0.3347463607788086,-0.07924620062112808,0.3908434212207794,0.4122624695301056,-0.03456871211528778,0.024406610056757927,1
-0.40510094165802,-0.13820253312587738,0.3883691430091858,0.41074684262275696,-0.03896163031458855,0.02438339963555336,1
-0.4910886287689209,-0.21893244981765747,0.3875432312488556,0.40967652201652527,-0.0606113001704216,0.02436564303934574,1
-0.4725119173526764,-0.19007086753845215,0.38661250472068787,0.40903809666633606,-0.06027872487902641,0.02455006167292595,1
-0.4805004596710205,-0.19275343418121338,0.3861664831638336,0.40863001346588135,-0.06143774092197418,0.024693071842193604,1
-0.36725732684135437,-0.07351711392402649,0.3853793740272522,0.40827271342277527,-0.03799634799361229,0.025074446573853493,1
-0.3335508406162262,-0.039627015590667725,0.3846479654312134,0.4079432785511017,-0.029242070391774178,0.02558324486017227,1
-0.35099416971206665,-0.06382711231708527,0.384268194437027,0.4078463912010193,-0.03121737204492092,0.02572868950664997,1
-0.4784652590751648,-0.18297642469406128,0.38411805033683777,0.4075564742088318,-0.05407986044883728,0.025699898600578308,1
-0.48276230692863464,-0.1794760525226593,0.38369399309158325,0.40704813599586487,-0.05935266241431236,0.02568100579082966,1
-0.4694025218486786,-0.16791516542434692,0.3834477961063385,0.4065956771373749,-0.05935307592153549,0.02560301683843136,1
-0.44274622201919556,-0.13676856458187103,0.38328468799591064,0.4062676429748535,-0.05277268588542938,0.025574713945388794,1
-0.44142547249794006,-0.1367015540599823,0.3834208846092224,0.40609678626060486,-0.05211344733834267,0.025542089715600014,1
-0.4485010802745819,-0.15767845511436462,0.38325220346450806,0.4057450294494629,-0.054741013795137405,0.025516841560602188,1
-0.4577614367008209,-0.17586186528205872,0.3832884728908539,0.40571099519729614,-0.05906025692820549,0.0254621934145689,1
-0.48669975996017456,-0.20281347632408142,0.38369831442832947,0.40604597330093384,-0.0659596398472786,0.025449521839618683,1
-0.4770672917366028,-0.19113126397132874,0.3849129378795624,0.40767472982406616,-0.06529273092746735,0.02540965937077999,1
-0.4822366237640381,-0.20014122128486633,0.38904428482055664,0.40876179933547974,-0.06899185478687286,0.02544116973876953,1
-0.521380603313446,-0.25044870376586914,0.39541196823120117,0.41128289699554443,-0.08162614703178406,0.025381194427609444,1
-0.5620421171188354,-0.2911466956138611,0.40181130170822144,0.4125520884990692,-0.09445841610431671,0.025087876245379448,0
-0.5531503558158875,-0.27108192443847656,0.40768709778785706,0.41349413990974426,-0.09762872755527496,0.025081628933548927,0
-0.5394690036773682,-0.2568601965904236,0.41258275508880615,0.41395285725593567,-0.09811645746231079,0.02542956732213497,0
-0.5307800769805908,-0.25207871198654175,0.41463905572891235,0.4143033027648926,-0.0959680825471878,0.026583421975374222,0
-0.502895176410675,-0.22413761913776398,0.41493791341781616,0.4145980477333069,-0.09448128193616867,0.027066156268119812,0
-0.47972190380096436,-0.21385033428668976,0.4154611825942993,0.4147108197212219,-0.09382642060518265,0.027551498264074326,0
-0.5133950114250183,-0.23126159608364105,0.4160778224468231,0.4149266481399536,-0.09414017200469971,0.02777407318353653,0
-0.5491451621055603,-0.26290273666381836,0.41587793827056885,0.4152030944824219,-0.10020393878221512,0.027845559641718864,0
-0.5413085222244263,-0.2557045817375183,0.4154839515686035,0.41530534625053406,-0.09926062822341919,0.027932455763220787,0
-0.5486412048339844,-0.2642889618873596,0.41534143686294556,0.4154057800769806,-0.10104954987764359,0.027895942330360413,0
-0.5432884097099304,-0.25940948724746704,0.41543421149253845,0.4157007038593292,-0.10050718486309052,0.02791854366660118,0
-0.5647925138473511,-0.28568533062934875,0.4155943691730499,0.4158015847206116,-0.10275168716907501,0.02790645696222782,0
-0.5576416254043579,-0.27795612812042236,0.4157836139202118,0.41592347621917725,-0.10240328311920166,0.027932947501540184,0
-0.522722065448761,-0.2330968976020813,0.41568228602409363,0.41610103845596313,-0.08908909559249878,0.027708372101187706,0
-0.5238325595855713,-0.23385779559612274,0.415728360414505,0.4161619246006012,-0.08865808695554733,0.027700824663043022,0
-0.5341732501983643,-0.24505098164081573,0.41566652059555054,0.4162259101867676,-0.08997023850679398,0.027739716693758965,0
-0.5585662126541138,-0.2713385820388794,0.4156414568424225,0.4162900149822235,-0.09454605728387833,0.02773323841392994,0
-0.5544977784156799,-0.2682773470878601,0.41562217473983765,0.4163143038749695,-0.09599005430936813,0.027703557163476944,0
-0.5333678126335144,-0.25914686918258667,0.41550254821777344,0.41633251309394836,-0.09590655565261841,0.02724449895322323,0
-0.4787370562553406,-0.1961325705051422,0.4150352478027344,0.41642287373542786,-0.08799444139003754,0.026998167857527733,0
-0.4687935411930084,-0.1817711889743805,0.41427332162857056,0.4167068898677826,-0.08425835520029068,0.026748113334178925,0
-0.4500288665294647,-0.14620660245418549,0.41357219219207764,0.41680246591567993,-0.06913875788450241,0.026396797969937325,3
-0.44966670870780945,-0.14068405330181122,0.4130379259586334,0.4171792268753052,-0.06271375715732574,0.02622021920979023,3
-0.43786412477493286,-0.12434185296297073,0.41248229146003723,0.4178069829940796,-0.05960807204246521,0.026207799091935158,3
-0.4492284953594208,-0.13162899017333984,0.41210147738456726,0.4182681143283844,-0.06049925088882446,0.025979839265346527,3
-0.4488504230976105,-0.11816085875034332,0.4117630422115326,0.4185965359210968,-0.059069160372018814,0.025922007858753204,3
-0.4504530131816864,-0.10963525623083115,0.41143763065338135,0.41880616545677185,-0.05725540965795517,0.025856878608465195,3
-0.4174935519695282,-0.08637231588363647,0.4108666777610779,0.4189247190952301,-0.053331635892391205,0.025785647332668304,3
-0.42123809456825256,-0.10217730700969696,0.41066038608551025,0.41896724700927734,-0.054502081125974655,0.02554602362215519,3
-0.4247702956199646,-0.09454748779535294,0.4103693664073944,0.4190189242362976,-0.05238056927919388,0.025440866127610207,3
-0.4261278808116913,-0.10353240370750427,0.41013050079345703,0.419075071811676,-0.05299124866724014,0.025223495438694954,3
-0.4301752746105194,-0.10546595603227615,0.40984466671943665,0.4190806746482849,-0.05363404005765915,0.025135710835456848,3
-0.4127814769744873,-0.08039587736129761,0.40965548157691956,0.41909438371658325,-0.050129398703575134,0.025116831064224243,3
-0.4173683226108551,-0.08828681707382202,0.40959176421165466,0.4191988706588745,-0.05046313628554344,0.025092925876379013,3
-0.45218345522880554,-0.11431124806404114,0.40955114364624023,0.41925638914108276,-0.053806986659765244,0.024902185425162315,3
-0.48155850172042847,-0.13423427939414978,0.409512460231781,0.4193247854709625,-0.05793030560016632,0.024880293756723404,3
-0.4866943955421448,-0.1395343691110611,0.4095057547092438,0.4194006323814392,-0.05925340577960014,0.024855803698301315,3
-0.4907839298248291,-0.144094780087471,0.4094921052455902,0.41943418979644775,-0.06034493073821068,0.024829063564538956,3
-0.47311004996299744,-0.12155386060476303,0.4094827473163605,0.4194960296154022,-0.05922502279281616,0.02485428750514984,3
-0.43328478932380676,-0.08126688003540039,0.4093618392944336,0.41950559616088867,-0.05439823865890503,0.024994811043143272,3
-0.44896841049194336,-0.08475569635629654,0.4092419743537903,0.4195312559604645,-0.05448390915989876,0.025002190843224525,3
-0.4537528455257416,-0.09177782386541367,0.4091435968875885,0.41953879594802856,-0.055428482592105865,0.024951109662652016,3
-0.45401281118392944,-0.09977524727582932,0.40901368856430054,0.4195671081542969,-0.056863535195589066,0.024867020547389984,3
-0.44581839442253113,-0.10094893723726273,0.40888792276382446,0.4195914566516876,-0.05729960277676582,0.02484731934964657,3
-0.42701083421707153,-0.0929657369852066,0.40878361463546753,0.4196226894855499,-0.05665523186326027,0.024835962802171707,3
-0.4306330382823944,-0.09598460048437119,0.4086555540561676,0.4196377992630005,-0.056504424661397934,0.024676652625203133,3
-0.4189726412296295,-0.09010928869247437,0.4085696339607239,0.41969913244247437,-0.055167730897665024,0.024592725560069084,3
-0.4227065443992615,-0.09196405857801437,0.4085082411766052,0.41977444291114807,-0.05520986020565033,0.02439199574291706,3
-0.42195892333984375,-0.09346847981214523,0.40843135118484497,0.41981738805770874,-0.05527041479945183,0.024295242503285408,3
-0.4251767098903656,-0.10356974601745605,0.40841740369796753,0.41983258724212646,-0.056227415800094604,0.024183418601751328,3
-0.41972219944000244,-0.09481529146432877,0.40834036469459534,0.41989997029304504,-0.055354904383420944,0.02416476234793663,3
-0.41263437271118164,-0.08881468325853348,0.4082775413990021,0.41991207003593445,-0.054496124386787415,0.02418794296681881,3
-0.41045403480529785,-0.08803155273199081,0.4082659184932709,0.41995206475257874,-0.05412941426038742,0.024202244356274605,3
-0.39738091826438904,-0.07916188985109329,0.40825554728507996,0.4199606776237488,-0.05303814262151718,0.0242412481456995,3
-0.40093815326690674,-0.08681748062372208,0.4082438051700592,0.41997215151786804,-0.05338352546095848,0.024202842265367508,3
-0.4094679355621338,-0.09391584247350693,0.40822359919548035,0.4199775457382202,-0.05365853011608124,0.024176936596632004,3
-0.41307348012924194,-0.09404852986335754,0.4082074761390686,0.41998177766799927,-0.05358307808637619,0.024182233959436417,3
-0.3992525041103363,-0.07780340313911438,0.40803852677345276,0.419988214969635,-0.05155504494905472,0.024232346564531326,3
-0.40034353733062744,-0.0795515924692154,0.40796464681625366,0.4199936091899872,-0.05155409500002861,0.02426774613559246,3
-0.44150638580322266,-0.1110551729798317,0.40794751048088074,0.4199974834918976,-0.05573674291372299,0.024182843044400215,3
-0.44305747747421265,-0.12194274365901947,0.4079734683036804,0.42000001668930054,-0.05861964449286461,0.024165401235222816,3
-0.4621947407722473,-0.14094102382659912,0.4083598256111145,0.4199991822242737,-0.060444723814725876,0.02411237545311451,3
-0.49121177196502686,-0.17060476541519165,0.40901315212249756,0.4199639558792114,-0.06555549800395966,0.02384329028427601,3
-0.44467002153396606,-0.13263775408267975,0.40935060381889343,0.4199310839176178,-0.0627913847565651,0.023896293714642525,3
-0.4070356488227844,-0.11884156614542007,0.40999269485473633,0.4199731647968292,-0.06213990971446037,0.02400161325931549,3
-0.4102962613105774,-0.1285334676504135,0.4105736315250397,0.41997233033180237,-0.06380856782197952,0.02408469468355179,3
-0.40856513381004333,-0.12931309640407562,0.4112761616706848,0.41996780037879944,-0.06467819958925247,0.024121128022670746,3
-0.40625810623168945,-0.13107089698314667,0.41218408942222595,0.4200263023376465,-0.06741392612457275,0.024250689893960953,3
-0.402815580368042,-0.12987402081489563,0.4126521944999695,0.42008325457572937,-0.06723864376544952,0.024544592946767807,3
-0.3813283145427704,-0.10915689170360565,0.4126349985599518,0.42008277773857117,-0.06552866101264954,0.025410929694771767,0
-0.3875846862792969,-0.10925235599279404,0.4126485586166382,0.41994792222976685,-0.06506980955600739,0.025951514020562172,0
-0.39194127917289734,-0.10436879843473434,0.41326218843460083,0.41994011402130127,-0.06237725540995598,0.02677193097770214,0
-0.5240204930305481,-0.21279893815517426,0.4140110909938812,0.4199706017971039,-0.0784231424331665,0.026768524199724197,0
-0.5389186143875122,-0.24021016061306,0.4145060181617737,0.41996660828590393,-0.08564068377017975,0.026726190000772476,0
-0.5057402849197388,-0.21103866398334503,0.4147863984107971,0.4199710488319397,-0.08503512293100357,0.02670639380812645,0
-0.5323828458786011,-0.25491610169410706,0.4152178466320038,0.4199589788913727,-0.09464753419160843,0.0264334324747324,0
-0.5220041275024414,-0.23339329659938812,0.41592398285865784,0.41997674107551575,-0.09290042519569397,0.02645290270447731,0
-0.521877110004425,-0.22253663837909698,0.4160422384738922,0.419974684715271,-0.0915251299738884,0.026432007551193237,0
-0.5445107817649841,-0.24232640862464905,0.41610562801361084,0.4199068248271942,-0.09397725015878677,0.02640698105096817,0
-0.5330474376678467,-0.24069970846176147,0.41639652848243713,0.41986164450645447,-0.09542680531740189,0.026401320472359657,0
-0.515568196773529,-0.2357521951198578,0.41674983501434326,0.419843465089798,-0.09501395374536514,0.026445088908076286,0
-0.47423797845840454,-0.21070796251296997,0.4171489477157593,0.41980889439582825,-0.09471460431814194,0.026521120220422745,0
-0.42307671904563904,-0.159317746758461,0.4172488749027252,0.4197821021080017,-0.08795900642871857,0.026757845655083656,0
-0.41132688522338867,-0.13784348964691162,0.41733452677726746,0.4197427034378052,-0.08249497413635254,0.02688334882259369,0
-0.4200352728366852,-0.1482980102300644,0.41752883791923523,0.4196886122226715,-0.08208124339580536,0.026871833950281143,0
-0.4054991602897644,-0.12947985529899597,0.4177264869213104,0.4196684658527374,-0.07583485543727875,0.027034757658839226,0
-0.41501584649086,-0.1356629878282547,0.41796982288360596,0.4196215569972992,-0.07501013576984406,0.027164902538061142,0
-0.4196356236934662,-0.1390860378742218,0.41811418533325195,0.41957029700279236,-0.07508934289216995,0.027211802080273628,0
-0.4154224097728729,-0.13839194178581238,0.4183010756969452,0.4195556044578552,-0.07368401437997818,0.027301980182528496,0
-0.41371798515319824,-0.14010034501552582,0.41830211877822876,0.4194616377353668,-0.07476267963647842,0.02736598253250122,0
-0.4113255739212036,-0.11806370317935944,0.4180946946144104,0.4194531738758087,-0.06706248223781586,0.027620671316981316,0
-0.45411258935928345,-0.14794054627418518,0.417610228061676,0.41946882009506226,-0.0675315260887146,0.027728553861379623,0
-0.3888445198535919,-0.09287578612565994,0.4168327748775482,0.4194802939891815,-0.0585128478705883,0.027826162055134773,0
-0.3710750341415405,-0.08548997342586517,0.41650280356407166,0.41950270533561707,-0.05627817660570145,0.02787240408360958,0
-0.3820283114910126,-0.09701626002788544,0.4160524606704712,0.41952070593833923,-0.057397887110710144,0.027850061655044556,0
-0.3209652304649353,-0.05085429176688194,0.4159267544746399,0.4195418357849121,-0.05407073721289635,0.027864016592502594,0
-0.3364354372024536,-0.07034523785114288,0.4156768023967743,0.4195415675640106,-0.05467105656862259,0.027849344536662102,3
-0.3525964021682739,-0.06839238852262497,0.4154118001461029,0.4195413887500763,-0.051023129373788834,0.027917468920350075,3
-0.35649529099464417,-0.04916868731379509,0.41401204466819763,0.41952115297317505,-0.043369464576244354,0.027888309210538864,3
-0.3136334717273712,0.013105401769280434,0.41276058554649353,0.41952070593833923,-0.022215573117136955,0.028267286717891693,3
-0.32259029150009155,-0.00679065240547061,0.41217321157455444,0.41951778531074524,-0.023489946499466896,0.028284266591072083,3
-0.26348236203193665,0.04005799815058708,0.4118523895740509,0.41951021552085876,-0.01210097037255764,0.028294522315263748,3
-0.2836682200431824,0.0349748469889164,0.41180384159088135,0.4195170998573303,-0.0122462073341012,0.028457798063755035,3
-0.2784949839115143,0.046253614127635956,0.4116857647895813,0.4194936454296112,-0.008703443221747875,0.028632279485464096,3
-0.27566879987716675,0.050125692039728165,0.4116717576980591,0.41944751143455505,-0.007505929563194513,0.028683587908744812,3
-0.21820056438446045,0.09899011999368668,0.4116622507572174,0.41940826177597046,0.004602331668138504,0.029099149629473686,3
-0.2424038052558899,0.08365966379642487,0.4117219150066376,0.4193600118160248,0.003849618835374713,0.02931939996778965,3
-0.24609501659870148,0.08245154470205307,0.41176748275756836,0.41932642459869385,0.005123881623148918,0.02947028912603855,3
-0.25068238377571106,0.07242734730243683,0.4118376076221466,0.4193103015422821,0.0032675364054739475,0.029604515060782433,3
-0.25400039553642273,0.0705646276473999,0.4118458926677704,0.4192864000797272,0.004117683973163366,0.02971002645790577,3
-0.256582111120224,0.06679040938615799,0.4119839072227478,0.4193210303783417,0.003218548372387886,0.029776420444250107,3
-0.2574540376663208,0.06488565355539322,0.4119996428489685,0.41934093832969666,0.0023380268830806017,0.02983424998819828,3
-0.30068498849868774,0.023197878152132034,0.41207438707351685,0.419435054063797,-0.001969660632312298,0.029871242120862007,3
-0.3312544822692871,0.014381445944309235,0.4120754897594452,0.4194887578487396,-0.003897228743880987,0.029902400448918343,3
-0.34742581844329834,-0.023419667035341263,0.4120903015136719,0.4196968972682953,-0.0174123365432024,0.02977747842669487,3
-0.3336113393306732,-0.014269784092903137,0.4120616018772125,0.4199519753456116,-0.019964618608355522,0.029483342543244362,3
-0.3310084640979767,-0.023457476869225502,0.41176167130470276,0.420116126537323,-0.02246089093387127,0.029460594058036804,3
-0.38827481865882874,-0.0672917366027832,0.4117639660835266,0.4202325940132141,-0.03419911861419678,0.02940908819437027,3
-0.3674798011779785,-0.05059553682804108,0.4121268391609192,0.42040523886680603,-0.034075189381837845,0.029467344284057617,3
-0.36068251729011536,-0.0440126396715641,0.4123155474662781,0.42041483521461487,-0.03761691600084305,0.029686808586120605,3
-0.32263943552970886,-0.04015437886118889,0.4126509726047516,0.4204114079475403,-0.041528262197971344,0.02964210882782936,3
-0.3498448133468628,-0.0583755299448967,0.41295892000198364,0.4204144775867462,-0.051624178886413574,0.02954544499516487,3
-0.32912132143974304,-0.05259960517287254,0.4130156934261322,0.42041438817977905,-0.05197024345397949,0.029624460265040398,0
-0.3189016878604889,-0.04868083447217941,0.41321510076522827,0.4204188287258148,-0.051435668021440506,0.02962942235171795,0
-0.2519911527633667,-0.004774386063218117,0.41362813115119934,0.4204210042953491,-0.04924309626221657,0.02973359450697899,0
-0.2978208363056183,-0.049711212515830994,0.41412273049354553,0.4204236567020416,-0.050713274627923965,0.02974129095673561,0
-0.3576020300388336,-0.060432009398937225,0.41414114832878113,0.4204253554344177,-0.050345052033662796,0.029897037893533707,0
-0.45557141304016113,-0.14745333790779114,0.4142560064792633,0.4203626811504364,-0.06069096550345421,0.029849102720618248,0
-0.4703536033630371,-0.175420343875885,0.4143854081630707,0.4203100800514221,-0.06920374184846878,0.02986483834683895,0
-0.48210811614990234,-0.20158474147319794,0.4145471453666687,0.42026421427726746,-0.07713013142347336,0.029880624264478683,0
-0.4764236509799957,-0.18829937279224396,0.41470056772232056,0.42015960812568665,-0.0772642120718956,0.029975110664963722,0
-0.5032375454902649,-0.2104412317276001,0.4152473211288452,0.42009279131889343,-0.08292032033205032,0.02993280254304409,0
-0.4987301826477051,-0.213378444314003,0.41581010818481445,0.4200851321220398,-0.08660320192575455,0.029736561700701714,0
-0.47807589173316956,-0.20544980466365814,0.41619402170181274,0.42008569836616516,-0.08773220330476761,0.029473580420017242,0
-0.4307076930999756,-0.19998203217983246,0.416193425655365,0.42005103826522827,-0.08589082211256027,0.02943294867873192,0
-0.4208976626396179,-0.19557936489582062,0.41619378328323364,0.41999301314353943,-0.084783636033535,0.02938849851489067,0
-0.41413238644599915,-0.19412276148796082,0.4161188006401062,0.41996604204177856,-0.08401775360107422,0.029370656237006187,0
-0.3704289495944977,-0.1507664918899536,0.41607382893562317,0.4199608564376831,-0.08097384870052338,0.029387304559350014,0
-0.36972299218177795,-0.1502990871667862,0.4161771833896637,0.41991478204727173,-0.08072526752948761,0.029010221362113953,0
-0.3742770552635193,-0.15180690586566925,0.41640201210975647,0.41984862089157104,-0.08040473610162735,0.02846476621925831,0
-0.41301319003105164,-0.15919992327690125,0.41656818985939026,0.41979578137397766,-0.08014631271362305,0.027705052867531776,0
-0.42534008622169495,-0.16209204494953156,0.41680723428726196,0.4197564423084259,-0.0800081342458725,0.026983996853232384,0
-0.42484021186828613,-0.15776881575584412,0.4169538915157318,0.41967493295669556,-0.07923579961061478,0.026809100061655045,0
-0.41581159830093384,-0.1449253261089325,0.4170728027820587,0.4196656048297882,-0.07712333649396896,0.026763642206788063,0
-0.4144018590450287,-0.14344953000545502,0.41714590787887573,0.41964825987815857,-0.0763978511095047,0.02663271129131317,0
-0.42305445671081543,-0.14865007996559143,0.4172932803630829,0.41963642835617065,-0.07669497281312943,0.026449045166373253,0
-0.4218343496322632,-0.1476026028394699,0.41738349199295044,0.4196278154850006,-0.0766061469912529,0.026292240247130394,0
-0.42406702041625977,-0.15249130129814148,0.4174762964248657,0.41964319348335266,-0.0766630694270134,0.026105064898729324,0
-0.4723864793777466,-0.19875206053256989,0.4175682067871094,0.41969963908195496,-0.0864194855093956,0.0259212926030159,0
-0.4699794352054596,-0.1917862743139267,0.41769033670425415,0.4197082817554474,-0.08681660890579224,0.0259014293551445,0
-0.4780280292034149,-0.1920126974582672,0.4177635908126831,0.41975462436676025,-0.08794193714857101,0.02574457973241806,0
-0.4809529185295105,-0.19275540113449097,0.4179949462413788,0.41977691650390625,-0.08829335123300552,0.025729795917868614,0
-0.47665971517562866,-0.19791464507579803,0.41867199540138245,0.4198164939880371,-0.08876751363277435,0.025712132453918457,0
-0.4701576828956604,-0.19573290646076202,0.4194484353065491,0.4198024868965149,-0.0886140838265419,0.02568836882710457,0
-0.47853952646255493,-0.20081250369548798,0.4200793206691742,0.41974687576293945,-0.088648721575737,0.025280630216002464,0
-0.43140679597854614,-0.1567707061767578,0.4215533137321472,0.4192653298377991,-0.0794675201177597,0.02523989975452423,0
-0.4236513078212738,-0.14139144122600555,0.42340508103370667,0.4183765649795532,-0.07201629877090454,0.025224704295396805,0
-0.4183594584465027,-0.14271649718284607,0.4260222315788269,0.41732367873191833,-0.06992457807064056,0.02520955167710781,0
-0.40870794653892517,-0.1408635824918747,0.42850643396377563,0.4157746434211731,-0.07010587304830551,0.025186287239193916,0
-0.37465086579322815,-0.10514608025550842,0.4310849606990814,0.41272738575935364,-0.06424068659543991,0.025191979482769966,2
-0.38406890630722046,-0.10168402642011642,0.43428799510002136,0.40922725200653076,-0.06333812326192856,0.02520625665783882,2
-0.4067080318927765,-0.10534343123435974,0.43624743819236755,0.406660258769989,-0.06271253526210785,0.021318500861525536,2
-0.39780303835868835,-0.10324660688638687,0.4386763274669647,0.4057027995586395,-0.061535194516181946,0.022500192746520042,2
-0.3886380195617676,-0.10931329429149628,0.44447168707847595,0.4045328199863434,-0.05874896049499512,0.02215568535029888,2
-0.38858601450920105,-0.11288329213857651,0.4475257098674774,0.4016818404197693,-0.05709641054272652,0.02198968082666397,2
-0.37636083364486694,-0.10125033557415009,0.4499436914920807,0.3994019329547882,-0.05448286607861519,0.02261887677013874,2
-0.3798165023326874,-0.10411078482866287,0.45181530714035034,0.3980574309825897,-0.05275966227054596,0.022862771525979042,2
-0.2697005271911621,-0.05823809280991554,0.45329350233078003,0.39700788259506226,-0.04856276512145996,0.02510279044508934,2
-0.3010663688182831,-0.0730460062623024,0.45437702536582947,0.39644086360931396,-0.04632594436407089,0.026157019659876823,2
-0.30872678756713867,-0.07407726347446442,0.4560122489929199,0.39623337984085083,-0.04667869582772255,0.026453539729118347,2
-0.31910085678100586,-0.11619482189416885,0.45707449316978455,0.39625921845436096,-0.0518544502556324,0.026525340974330902,2
-0.3501414954662323,-0.1395120620727539,0.45790529251098633,0.39638057351112366,-0.05775866284966469,0.02475791797041893,2
-0.35975122451782227,-0.1423378735780716,0.4586787819862366,0.3963605463504791,-0.059501759707927704,0.02473742887377739,2
-0.39258062839508057,-0.15517906844615936,0.46068239212036133,0.3963411748409271,-0.06449351459741592,0.024162864312529564,2
-0.39018714427948,-0.15381912887096405,0.4618391692638397,0.3963088095188141,-0.0644659474492073,0.0241406112909317,2
-0.35428380966186523,-0.13075962662696838,0.4629499614238739,0.39604201912879944,-0.06400910019874573,0.02417503483593464,2
-0.3639048933982849,-0.1304779350757599,0.4637531638145447,0.3959466814994812,-0.06581831723451614,0.02363242395222187,2
-0.35570257902145386,-0.11779776215553284,0.4646666944026947,0.39561623334884644,-0.06288204342126846,0.023699378594756126,2
-0.3884226083755493,-0.127274751663208,0.4662322700023651,0.39528557658195496,-0.06783467531204224,0.023702511563897133,2
-0.3868505358695984,-0.12771865725517273,0.4677601754665375,0.3951287269592285,-0.06767220795154572,0.023137304931879044,2
-0.38682615756988525,-0.12796291708946228,0.4691351354122162,0.39499810338020325,-0.06752598285675049,0.02311282604932785,2
-0.37891340255737305,-0.1075233668088913,0.47049200534820557,0.3949688673019409,-0.06250641494989395,0.023484643548727036,2
-0.38198238611221313,-0.10755278915166855,0.47184497117996216,0.39495670795440674,-0.06193310022354126,0.02449045144021511,2
-0.3820728659629822,-0.10827434062957764,0.47311457991600037,0.39493465423583984,-0.06146834418177605,0.024910403415560722,2
-0.3659769594669342,-0.09950900077819824,0.47448694705963135,0.3948533833026886,-0.05837743356823921,0.027043649926781654,2
-0.38504520058631897,-0.12293993681669235,0.47539231181144714,0.3948536217212677,-0.06214744597673416,0.026794930920004845,2
-0.39779725670814514,-0.132686048746109,0.47577008605003357,0.39483335614204407,-0.06326660513877869,0.026792021468281746,2
-0.4059450030326843,-0.14163857698440552,0.47602367401123047,0.3948233723640442,-0.06643656641244888,0.026649892330169678,2
-0.40572959184646606,-0.14566411077976227,0.4762512445449829,0.3948192000389099,-0.06816262751817703,0.02637851983308792,2
-0.40429314970970154,-0.14434030652046204,0.476266473531723,0.3948166072368622,-0.06929154694080353,0.026316910982131958,2
-0.38210758566856384,-0.11667923629283905,0.4764088988304138,0.3948211967945099,-0.06605777144432068,0.02641976997256279,2
-0.3844924569129944,-0.11671601235866547,0.4764845073223114,0.39486077427864075,-0.06570523232221603,0.027313604950904846,2
-0.4275027811527252,-0.14950257539749146,0.476520836353302,0.39523425698280334,-0.07053972780704498,0.027304647490382195,2
-0.41790691018104553,-0.14280079305171967,0.4763626158237457,0.3952482342720032,-0.07021591812372208,0.028597207739949226,2
-0.36255282163619995,-0.11042285710573196,0.47608211636543274,0.395260214805603,-0.06580939888954163,0.02861626259982586,2
-0.31704410910606384,-0.06972883641719818,0.475249320268631,0.3952604830265045,-0.06122194230556488,0.028435062617063522,2
-0.3244405686855316,-0.06081308424472809,0.47504377365112305,0.39526528120040894,-0.06075449660420418,0.027140241116285324,2
-0.30871474742889404,-0.03404770419001579,0.4750310778617859,0.3953856825828552,-0.05517333373427391,0.027100685983896255,2
-0.26879364252090454,-0.003512121271342039,0.4750194549560547,0.39563626050949097,-0.05183901637792587,0.02714719995856285,2
-0.17410969734191895,0.09965772926807404,0.4747465252876282,0.39584171772003174,-0.025905072689056396,0.029184356331825256,2
-0.19929735362529755,0.0879029855132103,0.47379952669143677,0.3958452343940735,-0.02759529836475849,0.030825968831777573,2
-0.34508371353149414,-0.007289343047887087,0.47350457310676575,0.39588114619255066,-0.04995567724108696,0.03101278655230999,2
-0.3826417028903961,-0.03883130103349686,0.47323769330978394,0.3961558938026428,-0.05607415363192558,0.03105890564620495,2
-0.38548004627227783,-0.0539560429751873,0.4723129868507385,0.3962498903274536,-0.057895999401807785,0.03165898099541664,2
-0.3759481608867645,-0.05221051722764969,0.47154319286346436,0.3965175747871399,-0.05651161074638367,0.03251888230443001,2
-0.41427338123321533,-0.06793057918548584,0.47009867429733276,0.39689940214157104,-0.059563491493463516,0.03361300379037857,2
-0.40468108654022217,-0.06336648762226105,0.46874552965164185,0.39729273319244385,-0.05783677473664284,0.034531138837337494,2
-0.46517837047576904,-0.11636220663785934,0.46815770864486694,0.39778485894203186,-0.06687116622924805,0.03629158437252045,2
-0.44189733266830444,-0.103553906083107,0.4669307470321655,0.3986768424510956,-0.0690520629286766,0.03686191514134407,2
-0.38419458270072937,-0.05987148359417915,0.4658985137939453,0.3992396593093872,-0.06863269209861755,0.03695537522435188,2
-0.3624922037124634,-0.029382625594735146,0.4646129608154297,0.399564653635025,-0.06402887403964996,0.03681312873959541,2
-0.35899531841278076,-0.012999635189771652,0.4637477695941925,0.39968305826187134,-0.05664554238319397,0.036746565252542496,2
-0.31129390001296997,0.034703608602285385,0.46330538392066956,0.39971768856048584,-0.03954080864787102,0.036740269511938095,2
-0.27423393726348877,0.04640329256653786,0.46326345205307007,0.39973920583724976,-0.03230370953679085,0.03659351170063019,2
-0.2936520576477051,0.041627395898103714,0.46330010890960693,0.3997602164745331,-0.03057439811527729,0.03655656799674034,2
-0.30522507429122925,0.038661424070596695,0.46327120065689087,0.3997618854045868,-0.02621988020837307,0.037058275192976,2
-0.3098926842212677,0.03833456337451935,0.46320968866348267,0.39976394176483154,-0.02556309849023819,0.03769266605377197,2
-0.30566248297691345,0.0485498271882534,0.46296533942222595,0.39980706572532654,-0.022954070940613747,0.038106486201286316,2
-0.30850791931152344,0.04574545472860336,0.4629379212856293,0.39983195066452026,-0.02194039896130562,0.03806035593152046,2
-0.30989935994148254,0.04280360788106918,0.4628768861293793,0.3998526632785797,-0.022474903613328934,0.038065358996391296,2
-0.29583290219306946,0.05711781606078148,0.4627230763435364,0.3998618423938751,-0.02013019286096096,0.03828655928373337,2
-0.2819043695926666,0.07170173525810242,0.4626561403274536,0.399865061044693,-0.01500970870256424,0.03834429383277893,2
-0.23606564104557037,0.1001090481877327,0.4625760018825531,0.399848997592926,-0.005271084140986204,0.03849165514111519,2
-0.2463597059249878,0.08919181674718857,0.46268340945243835,0.39984849095344543,-0.004842875059694052,0.038509249687194824,2
-0.24416817724704742,0.09037639945745468,0.4630102813243866,0.3998640775680542,-0.0019086528336629272,0.038183655589818954,2
-0.20901983976364136,0.13802878558635712,0.4630115330219269,0.3998364508152008,0.009016407653689384,0.03819078579545021,5
-0.22243615984916687,0.12640079855918884,0.46327531337738037,0.39985576272010803,0.010655599646270275,0.03782080486416817,5
-0.20969423651695251,0.13038359582424164,0.46327194571495056,0.3998569846153259,0.013973111286759377,0.0375242680311203,5
-0.26935601234436035,0.12208743393421173,0.46327319741249084,0.3998742401599884,0.01198504026979208,0.03707052022218704,5
-0.22016599774360657,0.16435746848583221,0.46304652094841003,0.3998737037181854,0.023259183391928673,0.03690960258245468,5
-0.22179219126701355,0.1599160134792328,0.4627992808818817,0.3998989760875702,0.024251654744148254,0.03680134937167168,5
-0.21183599531650543,0.1840084344148636,0.46248161792755127,0.399905800819397,0.030996272340416908,0.03696922957897186,5
-0.20734256505966187,0.16838614642620087,0.46160152554512024,0.39992883801460266,0.028703948482871056,0.037042368203401566,5
-0.18182148039340973,0.17620913684368134,0.46046242117881775,0.4000011682510376,0.03023456037044525,0.037068922072649,5
-0.1901894062757492,0.1796991378068924,0.45967116951942444,0.40008270740509033,0.03125811368227005,0.03709682077169418,5
-0.17810867726802826,0.20495086908340454,0.4592114984989166,0.4001127779483795,0.03648991882801056,0.03695196285843849,5
-0.18194535374641418,0.208492711186409,0.45882707834243774,0.4001403748989105,0.03881266340613365,0.03644228354096413,5
-0.19515705108642578,0.20557105541229248,0.45856237411499023,0.4001568555831909,0.03740977495908737,0.03580937907099724,5
-0.2037436068058014,0.16710838675498962,0.45847100019454956,0.4002019762992859,0.030244076624512672,0.03541705012321472,5
-0.21026666462421417,0.13493283092975616,0.458412766456604,0.40027302503585815,0.022326774895191193,0.03535926714539528,5
-0.19665110111236572,0.14686079323291779,0.45829540491104126,0.40033432841300964,0.02362811379134655,0.035095710307359695,5
-0.19036458432674408,0.13160845637321472,0.4581972658634186,0.4003656506538391,0.018885860219597816,0.035010457038879395,5
-0.19289609789848328,0.13496412336826324,0.4581800401210785,0.40037479996681213,0.018333839252591133,0.03485215827822685,5
-0.19323697686195374,0.1382967084646225,0.45811930298805237,0.4003853499889374,0.018332745879888535,0.03474393114447594,5
-0.23978599905967712,0.12591591477394104,0.4580172598361969,0.4003930985927582,0.01313045434653759,0.03484915569424629,5
-0.32576173543930054,0.06270261108875275,0.45811042189598083,0.40050002932548523,-0.0013738428242504597,0.034708552062511444,5
-0.40970852971076965,-0.023991744965314865,0.4589294195175171,0.4007851481437683,-0.02432236447930336,0.03428944945335388,5
-0.38861992955207825,-0.0298753771930933,0.4589758813381195,0.40095803141593933,-0.036169957369565964,0.03389750048518181,5
-0.3782162070274353,0.011112370528280735,0.4588967561721802,0.40124794840812683,-0.029270261526107788,0.033881474286317825,5
-0.36742886900901794,-0.049430981278419495,0.45833858847618103,0.40133601427078247,-0.04641914367675781,0.0339333713054657,5
-0.446137011051178,-0.14235906302928925,0.4580274820327759,0.40158021450042725,-0.07694254070520401,0.03384336456656456,2
-0.5191720724105835,-0.2046775370836258,0.4580029249191284,0.40201646089553833,-0.09638621658086777,0.03367957845330238,2
-0.5034668445587158,-0.14888688921928406,0.4575672745704651,0.4024316668510437,-0.08143121004104614,0.03363616019487381,2
-0.45951253175735474,-0.09543193876743317,0.45727893710136414,0.4028862714767456,-0.07513397932052612,0.033104732632637024,2
-0.3854258060455322,-0.0415155291557312,0.45633235573768616,0.4030320942401886,-0.07241690158843994,0.03221452236175537,2
-0.3378676176071167,-0.0009615095914341509,0.45576003193855286,0.4031014144420624,-0.06564895063638687,0.03200307488441467,2
-0.20643511414527893,0.06965654343366623,0.4550991952419281,0.4030948877334595,-0.03538157045841217,0.03226381167769432,2
-0.21311655640602112,0.017480997368693352,0.4551009237766266,0.40309908986091614,-0.03634819760918617,0.03140992671251297,2
-0.3217265009880066,-0.049235548824071884,0.45505446195602417,0.403130441904068,-0.04028530418872833,0.030719012022018433,2
-0.36855506896972656,-0.06565877795219421,0.4550025165081024,0.40318024158477783,-0.041327912360429764,0.03062819503247738,2
-0.36564940214157104,-0.06347236037254333,0.4544205069541931,0.4032042622566223,-0.04173419624567032,0.0314728319644928,2
-0.3459293842315674,-0.06172829493880272,0.4543311297893524,0.4032014012336731,-0.04152568057179451,0.032838765531778336,2
-0.30921146273612976,-0.02011120319366455,0.45436254143714905,0.4031962454319,-0.03686530143022537,0.03379392623901367,2
-0.27200955152511597,0.031690631061792374,0.45445987582206726,0.40311163663864136,-0.025262178853154182,0.034318286925554276,2
-0.2704724073410034,0.027553392574191093,0.4545673727989197,0.40307146310806274,-0.023090695962309837,0.03435857966542244,2
-0.27952906489372253,0.008162069134414196,0.45467668771743774,0.40306976437568665,-0.02353666163980961,0.03429148346185684,2
-0.3890104293823242,-0.11172131448984146,0.45468413829803467,0.4030630886554718,-0.04990676790475845,0.033839818090200424,2
-0.4316895008087158,-0.14821454882621765,0.4546877443790436,0.40306001901626587,-0.06178541108965874,0.03325742483139038,2
-0.4190797209739685,-0.13594914972782135,0.4546004831790924,0.4030258357524872,-0.062390293926000595,0.032779891043901443,2
-0.4018228054046631,-0.1171213909983635,0.4544745981693268,0.40301698446273804,-0.0605517216026783,0.03272859752178192,2
-0.3938540816307068,-0.10532926768064499,0.45442327857017517,0.40313640236854553,-0.05991193652153015,0.03251617029309273,2
-0.32557412981987,-0.038077570497989655,0.45390215516090393,0.40328991413116455,-0.04651367664337158,0.03268040716648102,2
-0.32883182168006897,-0.03891679644584656,0.45253822207450867,0.4033581614494324,-0.04401959106326103,0.03267928585410118,2
-0.3361387252807617,-0.05610233172774315,0.45004966855049133,0.4034893810749054,-0.04404034465551376,0.03268115594983101,2
-0.3509135842323303,-0.0650629848241806,0.44686299562454224,0.40355366468429565,-0.044122327119112015,0.03269696980714798,2
-0.3892436623573303,-0.09371509402990341,0.44336649775505066,0.4040772616863251,-0.04592188075184822,0.03254273533821106,2
-0.4099268317222595,-0.10747817903757095,0.43919384479522705,0.40552082657814026,-0.045923102647066116,0.03215339407324791,2
-0.44405534863471985,-0.13724075257778168,0.4358592927455902,0.40748682618141174,-0.05107122287154198,0.03194937855005264,2
-0.4741830825805664,-0.1530647724866867,0.4327790439128876,0.4096449017524719,-0.05771680176258087,0.03151997923851013,2
-0.37258380651474,-0.062058478593826294,0.4275229275226593,0.4114014208316803,-0.052994873374700546,0.03154819831252098,2
-0.3903968632221222,-0.0835685059428215,0.42313989996910095,0.4128934144973755,-0.052867550402879715,0.031293708831071854,0
-0.49855273962020874,-0.1884137988090515,0.42055585980415344,0.4137330651283264,-0.06631430238485336,0.0293731689453125,0
-0.5061001777648926,-0.21345078945159912,0.419640451669693,0.41530513763427734,-0.0782206803560257,0.028672635555267334,0
-0.5593419671058655,-0.26647472381591797,0.4177590012550354,0.41598379611968994,-0.09454882889986038,0.02657613344490528,0
-0.5373664498329163,-0.2559131979942322,0.41646021604537964,0.41654694080352783,-0.09630119055509567,0.026360606774687767,0
-0.44254738092422485,-0.16096071898937225,0.416542649269104,0.4182144105434418,-0.08428001403808594,0.026426469907164574,0
-0.4842401146888733,-0.19940471649169922,0.4167090654373169,0.41903364658355713,-0.08525063097476959,0.02644246816635132,0
-0.47270268201828003,-0.1945362240076065,0.4164385199546814,0.4193076491355896,-0.08429526537656784,0.02652690000832081,0
-0.4560697376728058,-0.17577910423278809,0.41523978114128113,0.4193122982978821,-0.08235359936952591,0.026923105120658875,0
-0.42730048298835754,-0.14227347075939178,0.41262924671173096,0.41926416754722595,-0.07377217710018158,0.027042217552661896,0
-0.4283977448940277,-0.14413583278656006,0.4067918360233307,0.4191958010196686,-0.07337953895330429,0.026810163632035255,0
-0.3732208013534546,-0.11818442493677139,0.3997522294521332,0.4190908968448639,-0.059959761798381805,0.026819922029972076,1
-0.3832874894142151,-0.1267194002866745,0.393262654542923,0.41869738698005676,-0.0581132248044014,0.02540566213428974,1
-0.3320535123348236,-0.0736733227968216,0.38819459080696106,0.4183046221733093,-0.04120154306292534,0.026479804888367653,1
-0.3417701721191406,-0.12517403066158295,0.3822720944881439,0.4167279899120331,-0.043213166296482086,0.026442579925060272,1
-0.3926074504852295,-0.1371205747127533,0.37781578302383423,0.41401952505111694,-0.04523612931370735,0.026901748031377792,1
-0.5108516812324524,-0.23737592995166779,0.3774479627609253,0.41165831685066223,-0.06546765565872192,0.026065168902277946,1
-0.5226207375526428,-0.23359695076942444,0.3783448338508606,0.4107661843299866,-0.06647085398435593,0.026199327781796455,1
-0.5060175657272339,-0.21894554793834686,0.37846824526786804,0.409294068813324,-0.06849654018878937,0.02617606334388256,1
-0.5438597202301025,-0.2641555368900299,0.37830981612205505,0.40779680013656616,-0.07925334572792053,0.026008011773228645,1
-0.5168172717094421,-0.26265496015548706,0.37836548686027527,0.40747082233428955,-0.07854598760604858,0.025784416124224663,1
-0.5046387314796448,-0.24198020994663239,0.3787587583065033,0.40718281269073486,-0.07905052602291107,0.025260671973228455,1
-0.5005413889884949,-0.23223796486854553,0.37875881791114807,0.4071494936943054,-0.07948406785726547,0.024950511753559113,1
-0.49598389863967896,-0.23657135665416718,0.3789798617362976,0.40703824162483215,-0.08213824033737183,0.0237821526825428,1
-0.5132707953453064,-0.25799891352653503,0.37920132279396057,0.4070679843425751,-0.08841454982757568,0.02212940715253353,1
-0.5186646580696106,-0.2795528471469879,0.3792387545108795,0.40710145235061646,-0.09652362763881683,0.020241986960172653,1
-0.5132666826248169,-0.2684541642665863,0.3793637454509735,0.4071289896965027,-0.09508106112480164,0.01981503888964653,1
-0.5011187791824341,-0.2545589506626129,0.3794584274291992,0.40721017122268677,-0.09111231565475464,0.01985432207584381,1
-0.3514097034931183,-0.08909884095191956,0.37957343459129333,0.40750426054000854,-0.06194300204515457,0.02039249800145626,1
-0.3929826021194458,-0.1359955072402954,0.37964826822280884,0.40789392590522766,-0.062224749475717545,0.020442528650164604,4
-0.34727248549461365,-0.0728842094540596,0.3797076940536499,0.40802377462387085,-0.04437103867530823,0.020904960110783577,4
-0.33120545744895935,-0.03761932626366615,0.37974512577056885,0.4081195592880249,-0.03407052531838417,0.021151553839445114,4
-0.30568286776542664,0.0047225747257471085,0.37979236245155334,0.408354252576828,-0.023446541279554367,0.021127283573150635,4
-0.23268605768680573,0.059684231877326965,0.38014209270477295,0.4087161421775818,-0.0063969045877456665,0.021448444575071335,4
-0.2236151099205017,0.07166215032339096,0.38015660643577576,0.4092857539653778,0.0010325785260647535,0.02169433981180191,4
-0.18990939855575562,0.0936310887336731,0.38032227754592896,0.40967223048210144,0.009680536575615406,0.02181771583855152,4
-0.20978599786758423,0.08899713307619095,0.38066914677619934,0.409932017326355,0.01056938711553812,0.021808966994285583,4
-0.2213297039270401,0.04778904840350151,0.381069153547287,0.40994736552238464,0.004968762863427401,0.021799039095640182,4
-0.32287970185279846,-0.010130523703992367,0.38173165917396545,0.4099544584751129,0.0016883581411093473,0.021827692165970802,4
-0.3208633363246918,-0.025279920548200607,0.381754606962204,0.40995538234710693,0.0012003855081275105,0.022004788741469383,4
-0.3344005346298218,-0.03160310536623001,0.38176587224006653,0.4099624752998352,0.0007707034819759429,0.02260977029800415,4
-0.3156765103340149,-0.027332276105880737,0.38174596428871155,0.40991783142089844,-0.0016371926758438349,0.022763479501008987,4
-0.3207906484603882,-0.027278384193778038,0.3816429078578949,0.40992146730422974,-0.0027898219414055347,0.022837210446596146,4
-0.3157521188259125,-0.018284492194652557,0.3816207945346832,0.4100054204463959,-0.0038933930918574333,0.022919783368706703,4
-0.3131113648414612,-0.01713992841541767,0.3814729154109955,0.4105331599712372,-0.00503857247531414,0.022940002381801605,4
-0.2982487976551056,0.0014906565193086863,0.38142192363739014,0.41117724776268005,-0.0017797898035496473,0.023023193702101707,4
-0.298688679933548,-0.00015158583119045943,0.3813602328300476,0.41134679317474365,-0.0026046482380479574,0.023191120475530624,4
-0.2939050793647766,0.0008702267077751458,0.38126662373542786,0.41155320405960083,-0.002982208039611578,0.023394210264086723,4
-0.2987309992313385,-0.0025491409469395876,0.3809222877025604,0.4119405150413513,-0.0031273665372282267,0.023520657792687416,4
-0.2982836365699768,-0.008685466833412647,0.38071590662002563,0.4122149348258972,-0.0032740964088588953,0.023757753893733025,4
-0.32134002447128296,-0.026926567777991295,0.3804832696914673,0.4124595820903778,-0.008632085286080837,0.023774145171046257,4
-0.35851606726646423,-0.06756418198347092,0.3804706633090973,0.4126301407814026,-0.018523316830396652,0.023799119517207146,4
-0.3664225935935974,-0.07450732588768005,0.38035622239112854,0.4126545488834381,-0.02297270856797695,0.023913336917757988,4
-0.41580328345298767,-0.12784427404403687,0.3803618550300598,0.41265544295310974,-0.03613458201289177,0.024007314816117287,4
-0.3920336067676544,-0.11404220014810562,0.3803616464138031,0.4126635789871216,-0.03560216352343559,0.02409285679459572,4
-0.3821546137332916,-0.1071416363120079,0.3804168105125427,0.41266679763793945,-0.035092517733573914,0.024129558354616165,4
-0.3852556645870209,-0.09220284223556519,0.3804497718811035,0.41267552971839905,-0.033511240035295486,0.024151109158992767,4
-0.37281614542007446,-0.020784657448530197,0.3803384006023407,0.41258102655410767,-0.020975522696971893,0.02492906153202057,4
-0.37124061584472656,-0.026398498564958572,0.38035649061203003,0.4124479293823242,-0.019586432725191116,0.025741904973983765,4
-0.41277968883514404,-0.09259244054555893,0.38047534227371216,0.41227731108665466,-0.02344355545938015,0.025967268273234367,4
-0.41591036319732666,-0.1234336718916893,0.38067516684532166,0.4122103750705719,-0.030572235584259033,0.02597922272980213,4
-0.44113689661026,-0.1559835523366928,0.381033331155777,0.4122137725353241,-0.03771856054663658,0.025961928069591522,4
-0.4573150873184204,-0.16018269956111908,0.3814344108104706,0.4122702181339264,-0.04104815796017647,0.02606181427836418,4
-0.47408267855644226,-0.17890380322933197,0.38168784976005554,0.4123600423336029,-0.04456372186541557,0.026078874245285988,4
-0.45610305666923523,-0.15742985904216766,0.382005512714386,0.4124160408973694,-0.04429761692881584,0.026092248037457466,4
-0.4548412561416626,-0.15303732454776764,0.38218891620635986,0.41241320967674255,-0.04325166717171669,0.026103688403964043,4
-0.4155227243900299,-0.09544511884450912,0.38221701979637146,0.412504106760025,-0.030590951442718506,0.026352986693382263,4
-0.41924020648002625,-0.10995446145534515,0.3822932541370392,0.4125919044017792,-0.030601531267166138,0.026328319683670998,4
-0.4336526393890381,-0.14530523121356964,0.3822888135910034,0.4125954210758209,-0.03461102023720741,0.02635379508137703,4
-0.45783302187919617,-0.17615541815757751,0.38229236006736755,0.4126799404621124,-0.04129672423005104,0.02636454440653324,4
-0.45382824540138245,-0.17266976833343506,0.3822062611579895,0.41267505288124084,-0.041007548570632935,0.02639879286289215,4
-0.4268633723258972,-0.154497891664505,0.382158488035202,0.41260403394699097,-0.04070902243256569,0.02644665166735649,4
-0.4100372791290283,-0.1272203028202057,0.38198745250701904,0.4124027192592621,-0.0369066558778286,0.02677016519010067,4
-0.40804076194763184,-0.12319980561733246,0.3819141387939453,0.4123169779777527,-0.036254096776247025,0.026812288910150528,4
-0.40785250067710876,-0.12393087893724442,0.3818521499633789,0.4121496379375458,-0.03647000342607498,0.026781724765896797,4
-0.3909413814544678,-0.10201394557952881,0.38181832432746887,0.4121493399143219,-0.03129503130912781,0.02694745734333992,4
-0.42477720975875854,-0.14750351011753082,0.3819953203201294,0.412154883146286,-0.036645662039518356,0.02685694955289364,4
-0.440605103969574,-0.17141582071781158,0.38207393884658813,0.4122811555862427,-0.04247475042939186,0.026799675077199936,4
-0.41288530826568604,-0.11658039689064026,0.3829578161239624,0.4132004678249359,-0.03693080320954323,0.02683214843273163,4
-0.3280527591705322,-0.027729297056794167,0.38537508249282837,0.4150821566581726,-0.021537015214562416,0.026875734329223633,4
-0.3074038326740265,0.006670908536761999,0.3889525830745697,0.41747987270355225,-0.012071561068296432,0.026889555156230927,4
-0.3294946551322937,-0.000658505130559206,0.39233916997909546,0.41837918758392334,-0.009615044109523296,0.026322167366743088,4
-0.3952893316745758,-0.010632660239934921,0.3949568569660187,0.4184969663619995,-0.019652830436825752,0.026367364451289177,4
-0.38510632514953613,-0.027646852657198906,0.3970041275024414,0.41844692826271057,-0.021966854110360146,0.026546046137809753,4
-0.30369818210601807,0.012384125962853432,0.39826545119285583,0.41841647028923035,-0.019921107217669487,0.025982165709137917,4
-0.2310504913330078,0.06194647401571274,0.39915552735328674,0.4182511270046234,-0.013857666403055191,0.025588061660528183,4
-0.11857051402330399,0.11435812711715698,0.40065911412239075,0.4182044267654419,-0.003357809502631426,0.02530391328036785,4
-0.1873309314250946,0.07260321080684662,0.40273919701576233,0.4181674122810364,-0.004730577580630779,0.025326121598482132,4
-0.27730944752693176,0.014965170063078403,0.4045349061489105,0.4181244671344757,-0.016651833429932594,0.025341404601931572,3
-0.27020329236984253,0.032510992139577866,0.4059656858444214,0.41788607835769653,-0.016647929325699806,0.025668557733297348,3
-0.3420202434062958,-0.016114963218569756,0.4063626229763031,0.41786718368530273,-0.03149425983428955,0.02567743882536888,3
-0.43435150384902954,-0.11609122902154922,0.4073711633682251,0.41781771183013916,-0.054120637476444244,0.025648603215813637,3
-0.45492929220199585,-0.13620781898498535,0.4087693989276886,0.4179432690143585,-0.06788794696331024,0.02559489756822586,3
-0.4830014407634735,-0.1677464246749878,0.41082873940467834,0.418148010969162,-0.07849358022212982,0.025457564741373062,3
-0.48474636673927307,-0.17315788567066193,0.4122704863548279,0.4183312952518463,-0.08274408429861069,0.02533254399895668,3
-0.45118284225463867,-0.1390594094991684,0.41301658749580383,0.4186442494392395,-0.07645849883556366,0.02545265667140484,3
-0.4371977746486664,-0.1378176361322403,0.41329705715179443,0.4189322590827942,-0.0748165100812912,0.025457529351115227,3
-0.43359625339508057,-0.14101412892341614,0.4137880504131317,0.41902029514312744,-0.07325520366430283,0.02549581602215767,0
-0.4284995198249817,-0.1378626525402069,0.41453057527542114,0.419025719165802,-0.07411876320838928,0.025984713807702065,0
-0.4252888858318329,-0.134306862950325,0.4152824580669403,0.41923436522483826,-0.07329380512237549,0.02618456445634365,0
-0.4455406367778778,-0.1387263983488083,0.4157223701477051,0.41950082778930664,-0.0724513903260231,0.026278270408511162,0
-0.4049694538116455,-0.10770441591739655,0.4164661169052124,0.41992270946502686,-0.06812838464975357,0.02634570375084877,0
-0.3419463336467743,-0.054023876786231995,0.41702911257743835,0.420046329498291,-0.05991888791322708,0.026866372674703598,0
-0.406736820936203,-0.11222182959318161,0.4173652231693268,0.42010557651519775,-0.0630914568901062,0.026902230456471443,0
-0.46449413895606995,-0.16418373584747314,0.4176900088787079,0.4200502038002014,-0.0678577795624733,0.02722558006644249,0
-0.5020529627799988,-0.20399627089500427,0.4184111952781677,0.42005616426467896,-0.08072345703840256,0.027287308126688004,0
-0.504058301448822,-0.2092486321926117,0.41974908113479614,0.4200519323348999,-0.08666833490133286,0.02731478586792946,0
-0.5162030458450317,-0.23553532361984253,0.4211581349372864,0.4201081395149231,-0.09037281572818756,0.027316590771079063,0
-0.5015813112258911,-0.21716901659965515,0.4225321412086487,0.4202200770378113,-0.08868733793497086,0.027626926079392433,0
-0.5071250200271606,-0.21992889046669006,0.4229401648044586,0.4203578531742096,-0.08753138780593872,0.027697253972291946,0
-0.4987899363040924,-0.21808232367038727,0.4231621325016022,0.42037534713745117,-0.08693664520978928,0.027787169441580772,0
-0.500755786895752,-0.22521808743476868,0.4231395423412323,0.4203423857688904,-0.08691737055778503,0.027797752991318703,0
-0.52341628074646,-0.2608698904514313,0.4233103096485138,0.4202248156070709,-0.09086549282073975,0.027741558849811554,0
-0.5207744836807251,-0.260153204202652,0.4233461022377014,0.42016083002090454,-0.0930805578827858,0.027717387303709984,0
-0.5178364515304565,-0.24892018735408783,0.42342233657836914,0.4201035797595978,-0.09246595203876495,0.027740029618144035,0
-0.5159600377082825,-0.2528548836708069,0.42354288697242737,0.42009130120277405,-0.09329686313867569,0.02772793360054493,0
-0.5124582648277283,-0.247090145945549,0.4236164689064026,0.42008736729621887,-0.09293185919523239,0.02774827741086483,0
-0.47728028893470764,-0.22103866934776306,0.42365363240242004,0.42012301087379456,-0.09156873822212219,0.027996936812996864,0
-0.47934892773628235,-0.22394803166389465,0.4236423671245575,0.42018526792526245,-0.09137315303087234,0.02805267833173275,0
-0.495492160320282,-0.23732773959636688,0.42359331250190735,0.42031824588775635,-0.09152670204639435,0.028089027851819992,0
-0.4987347722053528,-0.2384195178747177,0.4235892593860626,0.42036372423171997,-0.09145276993513107,0.028092436492443085,0
-0.4980100393295288,-0.2311246693134308,0.42359843850135803,0.4203755259513855,-0.08982978016138077,0.028076931834220886,0
-0.4895797669887543,-0.21525639295578003,0.42360445857048035,0.4203065037727356,-0.08834437280893326,0.028081078082323074,0
-0.4351957440376282,-0.15315885841846466,0.4235994219779968,0.4203051030635834,-0.07620884478092194,0.028231091797351837,0
-0.43708351254463196,-0.15862210094928741,0.4235566258430481,0.42034322023391724,-0.07344631105661392,0.028284672647714615,0
-0.4434768259525299,-0.16071151196956635,0.42355862259864807,0.42040950059890747,-0.07366231083869934,0.028246991336345673,0
-0.4479708671569824,-0.16324329376220703,0.42352020740509033,0.42043209075927734,-0.07412515580654144,0.0282506812363863,0
-0.48141738772392273,-0.20291852951049805,0.42345038056373596,0.42043501138687134,-0.07689644396305084,0.028234975412487984,0
-0.4757053554058075,-0.1944146305322647,0.42343348264694214,0.4204159677028656,-0.07662561535835266,0.02821652963757515,0
-0.47536134719848633,-0.19496957957744598,0.4234171211719513,0.4204182028770447,-0.0765448585152626,0.02818862721323967,0
-0.49213510751724243,-0.2123759239912033,0.42341145873069763,0.420431911945343,-0.07852708548307419,0.028281455859541893,0
-0.49790874123573303,-0.22304905951023102,0.4234124720096588,0.420460969209671,-0.0814955085515976,0.028379222378134727,0
-0.5148952603340149,-0.2521352767944336,0.4234083294868469,0.42048078775405884,-0.08699493110179901,0.02839565835893154,0
-0.5108022093772888,-0.244741290807724,0.42339324951171875,0.4205113649368286,-0.08747714757919312,0.028442248702049255,0
-0.4985014796257019,-0.2430696040391922,0.42337700724601746,0.4205065667629242,-0.08772090822458267,0.028504813089966774,0
-0.49182242155075073,-0.24121025204658508,0.42337292432785034,0.42049235105514526,-0.08759856969118118,0.028592275455594063,0
-0.4604950249195099,-0.20621122419834137,0.4233863651752472,0.42048338055610657,-0.08463703840970993,0.028940297663211823,0
-0.46195361018180847,-0.2043498456478119,0.42340898513793945,0.4204907715320587,-0.08380325883626938,0.028953084722161293,0
-0.4685421288013458,-0.21472276747226715,0.42344993352890015,0.42047300934791565,-0.08374195545911789,0.02882303111255169,0
-0.4705769419670105,-0.2176218181848526,0.4235433042049408,0.420423686504364,-0.08369405567646027,0.028745785355567932,0
-0.4770425856113434,-0.21974970400333405,0.4235548675060272,0.4203304052352905,-0.08342985808849335,0.028537984937429428,0
-0.4761957824230194,-0.21964725852012634,0.4235551953315735,0.4202673137187958,-0.08288868516683578,0.028286827728152275,0
-0.4788515567779541,-0.22501076757907867,0.42355629801750183,0.42019757628440857,-0.08308606594800949,0.02816026657819748,0
-0.47246870398521423,-0.20998992025852203,0.4235810935497284,0.42020711302757263,-0.08052314072847366,0.028062470257282257,0
-0.4462280571460724,-0.17048433423042297,0.4236214756965637,0.42023372650146484,-0.07514111697673798,0.027447855100035667,0
-0.43955379724502563,-0.15233299136161804,0.4234972596168518,0.4202457070350647,-0.07058054208755493,0.02734188735485077,0
-0.4608510732650757,-0.1571054458618164,0.42338064312934875,0.42019450664520264,-0.07114110141992569,0.02694322168827057,0
-0.46451398730278015,-0.16649989783763885,0.4233529269695282,0.4201405942440033,-0.07139737904071808,0.026941344141960144,0
-0.4647497236728668,-0.17174822092056274,0.4233708381652832,0.42013517022132874,-0.07385352998971939,0.027033545076847076,0
-0.39369040727615356,-0.11320562660694122,0.42321985960006714,0.4200702905654907,-0.0676625594496727,0.027106739580631256,0
-0.3968016803264618,-0.10798806697130203,0.42279529571533203,0.41983336210250854,-0.0644930750131607,0.02716759219765663,0
-0.3974224328994751,-0.11931197345256805,0.42262279987335205,0.41973140835762024,-0.06636234372854233,0.027204714715480804,0
-0.4037894010543823,-0.13087497651576996,0.4223857522010803,0.4194648861885071,-0.06675606220960617,0.02750537544488907,0
-0.35677796602249146,-0.09012491255998611,0.42124947905540466,0.4188607633113861,-0.057193681597709656,0.027840817347168922,0
-0.3648271858692169,-0.10059663653373718,0.42023739218711853,0.4188481271266937,-0.05416301637887955,0.027755439281463623,0
-0.38105693459510803,-0.10181260854005814,0.41958901286125183,0.4186408817768097,-0.055568136274814606,0.027568448334932327,0
-0.3840990364551544,-0.12146158516407013,0.41926631331443787,0.41850242018699646,-0.061181724071502686,0.027569176629185677,0
-0.3627372682094574,-0.1139698326587677,0.4190279245376587,0.4185117781162262,-0.06098956987261772,0.0275717806071043,0
-0.3711061477661133,-0.11711551249027252,0.4187696576118469,0.41857051849365234,-0.06120705604553223,0.02709570713341236,0
-0.4180587828159332,-0.1488703042268753,0.417562872171402,0.4184369742870331,-0.0647401437163353,0.0267195887863636,0
-0.4773041307926178,-0.2315910905599594,0.4167707860469818,0.41821160912513733,-0.0828729197382927,0.026309719309210777,0
-0.4675913155078888,-0.21612043678760529,0.4164501428604126,0.4183318018913269,-0.0848604291677475,0.026261981576681137,0
-0.463350385427475,-0.20908929407596588,0.4162801206111908,0.4184857904911041,-0.08637221902608871,0.02625471167266369,0
-0.4719874858856201,-0.22695991396903992,0.4159471392631531,0.41848495602607727,-0.0889337807893753,0.02624770626425743,0
-0.5020633339881897,-0.2488696575164795,0.4155054986476898,0.4182162582874298,-0.09344260394573212,0.026245640590786934,0
-0.5441814661026001,-0.2870778739452362,0.4154604971408844,0.4178661108016968,-0.09964529424905777,0.026247777044773102,0
-0.5428387522697449,-0.2855667173862457,0.4154633581638336,0.41782864928245544,-0.10235542058944702,0.026247985661029816,0
-0.5281062126159668,-0.2695864140987396,0.4150950014591217,0.4178331792354584,-0.10221566259860992,0.026596900075674057,0
-0.35802513360977173,-0.10363767296075821,0.4146551489830017,0.41758406162261963,-0.06858598440885544,0.026944562792778015,0
-0.27346712350845337,-0.0343564935028553,0.41285452246665955,0.416133850812912,-0.0421934500336647,0.026963861659169197,0
-0.3352844715118408,-0.09737783670425415,0.41030699014663696,0.41187602281570435,-0.049656134098768234,0.02143581584095955,0
-0.2952544391155243,-0.1148863136768341,0.4098849296569824,0.41123151779174805,-0.047768108546733856,0.017201438546180725,0
-0.18358585238456726,-0.1633366197347641,0.4099632799625397,0.41095539927482605,-0.04223785176873207,0.015873685479164124,0
-0.1269923597574234,-0.19963979721069336,0.4101637303829193,0.410981684923172,-0.04543390870094299,0.015722258016467094,0
-0.21045362949371338,-0.3385431170463562,0.4095856249332428,0.4100436568260193,-0.06403715163469315,0.015345394611358643,0
-0.2427171766757965,-0.38779792189598083,0.40774282813072205,0.40832987427711487,-0.07695968449115753,0.015454324893653393,0
-0.2309575080871582,-0.35333338379859924,0.4064972698688507,0.40686872601509094,-0.08326854556798935,0.015600425191223621,0
-0.24193261563777924,-0.37624886631965637,0.4054635465145111,0.40539562702178955,-0.08474817126989365,0.015872804448008537,0
